channelAddress,
0x2f9914157d0A02145A9bf37D6c5EFFF44c5D8678,
0xf385a857055000034A55b987cCe688e6DB2568BE,
0x7A17dA8FE30Ce91fceB54e77f733CD5F3fb42EFF,
0xa9f7e9E8b0a70325AB202093eBf5277a5b9448BF,
0x1D1826ed1fCde5Db7B5c2910652fb483938e0d15,
0x060613A583f322D6152c3aB6aD61f05CFdA4f888,
0x5411a3fEff0d60d2e29a082A65782282E5A700FA,
0x50BF63F5c95e7798F5041e73514183b37a4D1e97,
0x2f92E292cf19f8a3c46CB90e4B8f9fd7B38E56B6,
0x06079B817ffEedc5702B811b17d937E4090E0360,
0x8092B8D3f5F5EbF4e77C905cC6dFB096ebC1C286,
0xA903fB79adC0F66de0cd2d0c4648974Fe6B43A8f,
0x7Cd7D76AbDb56f09139E5160C0c853307FC6256d,
0x71C27CE1FD9f50F4bf6d9f86739c481970bF98e6,
0xBa7565b13c0CaC45338574c89531fb37999b4368,
0x1265f045E8C757c86209B2Eb504Bb91C989d7E0A,
0x91073195a16E37cACAaBC9fBcB9578554DbFaAeE,
0x6c16aCC19F8951009e5A4333c8e0c56Bb70424a2,
0x49973D42e46564A1eC1204676d4c049B9bf1356D,
0x64378d23dDD546e29CE20c3f5bdA5bAf85Aa65dA,
